<?xml version="1.0" encoding="UTF-8"?>
<GenRun Id="expand_dsp_macro_1_synth_1" LaunchPart="xczu7ev-ffvc1156-2-e" LaunchTime="1757478580">
  <File Type="PA-TCL" Name="expand_dsp_macro_1.tcl"/>
  <File Type="RDS-PROPCONSTRS" Name="expand_dsp_macro_1_drc_synth.rpt"/>
  <File Type="REPORTS-TCL" Name="expand_dsp_macro_1_reports.tcl"/>
  <File Type="RDS-RDS" Name="expand_dsp_macro_1.vds"/>
  <File Type="RDS-UTIL" Name="expand_dsp_macro_1_utilization_synth.rpt"/>
  <File Type="RDS-UTIL-PB" Name="expand_dsp_macro_1_utilization_synth.pb"/>
  <File Type="RDS-DCP" Name="expand_dsp_macro_1.dcp"/>
  <File Type="VDS-TIMINGSUMMARY" Name="expand_dsp_macro_1_timing_summary_synth.rpt"/>
  <File Type="VDS-TIMING-PB" Name="expand_dsp_macro_1_timing_summary_synth.pb"/>
  <FileSet Name="sources" Type="BlockSrcs" RelSrcDir="$PSRCDIR/expand_dsp_macro_1">
    <File Path="$PSRCDIR/sources_1/ip/expand_dsp_macro_1/expand_dsp_macro_1.xci">
      <FileInfo>
        <Attr Name="UsedIn" Val="synthesis"/>
        <Attr Name="UsedIn" Val="implementation"/>
        <Attr Name="UsedIn" Val="simulation"/>
      </FileInfo>
    </File>
    <Config>
      <Option Name="TopModule" Val="expand_dsp_macro_1"/>
      <Option Name="UseBlackboxStub" Val="1"/>
    </Config>
  </FileSet>
  <FileSet Name="constrs_in" Type="BlockSrcs" RelSrcDir="$PSRCDIR/expand_dsp_macro_1">
    <File Path="$PSRCDIR/sources_1/ip/expand_dsp_macro_1/expand_dsp_macro_1.xci">
      <FileInfo>
        <Attr Name="UsedIn" Val="synthesis"/>
        <Attr Name="UsedIn" Val="implementation"/>
        <Attr Name="UsedIn" Val="simulation"/>
      </FileInfo>
    </File>
    <Config>
      <Option Name="TopModule" Val="expand_dsp_macro_1"/>
      <Option Name="UseBlackboxStub" Val="1"/>
    </Config>
  </FileSet>
  <FileSet Name="utils" Type="Utils" RelSrcDir="$PSRCDIR/utils_1">
    <Filter Type="Utils"/>
    <Config>
      <Option Name="TopAutoSet" Val="TRUE"/>
    </Config>
  </FileSet>
  <Strategy Version="1" Minor="2">
    <StratHandle Name="Vivado Synthesis Defaults" Flow="Vivado Synthesis 2019">
      <Desc>Vivado Synthesis Defaults</Desc>
    </StratHandle>
    <Step Id="synth_design"/>
  </Strategy>
</GenRun>
