<?xml version="1.0" encoding="UTF-8"?>
<GenRun Id="yconv_fifo_generator_0_synth_1" LaunchPart="xczu7ev-ffvc1156-2-e" LaunchTime="1757476843">
  <File Type="PA-TCL" Name="yconv_fifo_generator_0.tcl"/>
  <File Type="RDS-PROPCONSTRS" Name="yconv_fifo_generator_0_drc_synth.rpt"/>
  <File Type="REPORTS-TCL" Name="yconv_fifo_generator_0_reports.tcl"/>
  <File Type="RDS-RDS" Name="yconv_fifo_generator_0.vds"/>
  <File Type="RDS-UTIL" Name="yconv_fifo_generator_0_utilization_synth.rpt"/>
  <File Type="RDS-UTIL-PB" Name="yconv_fifo_generator_0_utilization_synth.pb"/>
  <File Type="RDS-DCP" Name="yconv_fifo_generator_0.dcp"/>
  <File Type="VDS-TIMINGSUMMARY" Name="yconv_fifo_generator_0_timing_summary_synth.rpt"/>
  <File Type="VDS-TIMING-PB" Name="yconv_fifo_generator_0_timing_summary_synth.pb"/>
  <FileSet Name="sources" Type="BlockSrcs" RelSrcDir="$PSRCDIR/yconv_fifo_generator_0">
    <File Path="$PSRCDIR/sources_1/ip/yconv_fifo_generator_0/yconv_fifo_generator_0.xci">
      <FileInfo>
        <Attr Name="UsedIn" Val="synthesis"/>
        <Attr Name="UsedIn" Val="implementation"/>
        <Attr Name="UsedIn" Val="simulation"/>
      </FileInfo>
    </File>
    <Config>
      <Option Name="TopModule" Val="yconv_fifo_generator_0"/>
      <Option Name="UseBlackboxStub" Val="1"/>
    </Config>
  </FileSet>
  <FileSet Name="constrs_in" Type="BlockSrcs" RelSrcDir="$PSRCDIR/yconv_fifo_generator_0">
    <File Path="$PSRCDIR/sources_1/ip/yconv_fifo_generator_0/yconv_fifo_generator_0.xci">
      <FileInfo>
        <Attr Name="UsedIn" Val="synthesis"/>
        <Attr Name="UsedIn" Val="implementation"/>
        <Attr Name="UsedIn" Val="simulation"/>
      </FileInfo>
    </File>
    <Config>
      <Option Name="TopModule" Val="yconv_fifo_generator_0"/>
      <Option Name="UseBlackboxStub" Val="1"/>
    </Config>
  </FileSet>
  <FileSet Name="utils" Type="Utils" RelSrcDir="$PSRCDIR/utils_1">
    <Filter Type="Utils"/>
    <Config>
      <Option Name="TopAutoSet" Val="TRUE"/>
    </Config>
  </FileSet>
  <Strategy Version="1" Minor="2">
    <StratHandle Name="Vivado Synthesis Defaults" Flow="Vivado Synthesis 2019">
      <Desc>Vivado Synthesis Defaults</Desc>
    </StratHandle>
    <Step Id="synth_design"/>
  </Strategy>
</GenRun>
