<?xml version="1.0" encoding="UTF-8"?>
<GenRun Id="synth_1" LaunchPart="xczu7ev-ffvc1156-2-e" LaunchTime="1757478760">
  <File Type="PA-TCL" Name="Expanding_Layer.tcl"/>
  <File Type="RDS-PROPCONSTRS" Name="Expanding_Layer_drc_synth.rpt"/>
  <File Type="REPORTS-TCL" Name="Expanding_Layer_reports.tcl"/>
  <File Type="RDS-RDS" Name="Expanding_Layer.vds"/>
  <File Type="RDS-UTIL" Name="Expanding_Layer_utilization_synth.rpt"/>
  <File Type="RDS-UTIL-PB" Name="Expanding_Layer_utilization_synth.pb"/>
  <File Type="RDS-DCP" Name="Expanding_Layer.dcp"/>
  <File Type="VDS-TIMINGSUMMARY" Name="Expanding_Layer_timing_summary_synth.rpt"/>
  <File Type="VDS-TIMING-PB" Name="Expanding_Layer_timing_summary_synth.pb"/>
  <FileSet Name="sources" Type="DesignSrcs" RelSrcDir="$PSRCDIR/sources_1">
    <Filter Type="Srcs"/>
    <File Path="$PSRCDIR/sources_1/imports/imports/expand_Adder_Tree.v">
      <FileInfo>
        <Attr Name="ImportPath" Val="$PPRDIR/../../Expanding_Layer_19.1/Expanding_Layer_19.1.srcs/sources_1/imports/expand_Adder_Tree.v"/>
        <Attr Name="ImportTime" Val="1757041160"/>
        <Attr Name="UsedIn" Val="synthesis"/>
        <Attr Name="UsedIn" Val="implementation"/>
        <Attr Name="UsedIn" Val="simulation"/>
      </FileInfo>
    </File>
    <File Path="$PSRCDIR/sources_1/imports/imports/expand_Convolution.v">
      <FileInfo>
        <Attr Name="ImportPath" Val="$PPRDIR/../../Expanding_Layer_19.1/Expanding_Layer_19.1.srcs/sources_1/imports/expand_Convolution.v"/>
        <Attr Name="ImportTime" Val="1757330871"/>
        <Attr Name="UsedIn" Val="synthesis"/>
        <Attr Name="UsedIn" Val="implementation"/>
        <Attr Name="UsedIn" Val="simulation"/>
      </FileInfo>
    </File>
    <File Path="$PSRCDIR/sources_1/imports/imports/expand_Multiplier_DSP.v">
      <FileInfo>
        <Attr Name="ImportPath" Val="$PPRDIR/../../Expanding_Layer_19.1/Expanding_Layer_19.1.srcs/sources_1/imports/expand_Multiplier_DSP.v"/>
        <Attr Name="ImportTime" Val="1757156222"/>
        <Attr Name="UsedIn" Val="synthesis"/>
        <Attr Name="UsedIn" Val="implementation"/>
        <Attr Name="UsedIn" Val="simulation"/>
      </FileInfo>
    </File>
    <File Path="$PSRCDIR/sources_1/imports/imports/expand_pipelined_multiplier_2stage.v">
      <FileInfo>
        <Attr Name="ImportPath" Val="$PPRDIR/../../Expanding_Layer_19.1/Expanding_Layer_19.1.srcs/sources_1/imports/expand_pipelined_multiplier_2stage.v"/>
        <Attr Name="ImportTime" Val="1757041100"/>
        <Attr Name="UsedIn" Val="synthesis"/>
        <Attr Name="UsedIn" Val="implementation"/>
        <Attr Name="UsedIn" Val="simulation"/>
      </FileInfo>
    </File>
    <File Path="$PSRCDIR/sources_1/imports/imports/Expanding_Layer.v">
      <FileInfo>
        <Attr Name="ImportPath" Val="$PPRDIR/../../Expanding_Layer_19.1/Expanding_Layer_19.1.srcs/sources_1/imports/Expanding_Layer.v"/>
        <Attr Name="ImportTime" Val="1757334353"/>
        <Attr Name="UsedIn" Val="synthesis"/>
        <Attr Name="UsedIn" Val="implementation"/>
        <Attr Name="UsedIn" Val="simulation"/>
      </FileInfo>
    </File>
    <Config>
      <Option Name="DesignMode" Val="RTL"/>
      <Option Name="TopModule" Val="Expanding_Layer"/>
      <Option Name="TopAutoSet" Val="TRUE"/>
    </Config>
  </FileSet>
  <FileSet Name="constrs_in" Type="Constrs" RelSrcDir="$PSRCDIR/constrs_1">
    <Filter Type="Constrs"/>
    <Config>
      <Option Name="ConstrsType" Val="XDC"/>
    </Config>
  </FileSet>
  <FileSet Name="utils" Type="Utils" RelSrcDir="$PSRCDIR/utils_1">
    <Filter Type="Utils"/>
    <Config>
      <Option Name="TopAutoSet" Val="TRUE"/>
    </Config>
  </FileSet>
  <Strategy Version="1" Minor="2">
    <StratHandle Name="Vivado Synthesis Defaults" Flow="Vivado Synthesis 2019">
      <Desc>Vivado Synthesis Defaults</Desc>
    </StratHandle>
    <Step Id="synth_design"/>
  </Strategy>
  <BlockFileSet Type="BlockSrcs" Name="expand_dsp_macro_1"/>
  <BlockFileSet Type="BlockSrcs" Name="expand_fifo_generator_1"/>
</GenRun>
