<?xml version="1.0" encoding="UTF-8"?>
<GenRun Id="synth_1" LaunchPart="xczu7ev-ffvc1156-2-e" LaunchTime="1757476931">
  <File Type="PA-TCL" Name="Y_Converter.tcl"/>
  <File Type="RDS-PROPCONSTRS" Name="Y_Converter_drc_synth.rpt"/>
  <File Type="REPORTS-TCL" Name="Y_Converter_reports.tcl"/>
  <File Type="RDS-RDS" Name="Y_Converter.vds"/>
  <File Type="RDS-UTIL" Name="Y_Converter_utilization_synth.rpt"/>
  <File Type="RDS-UTIL-PB" Name="Y_Converter_utilization_synth.pb"/>
  <File Type="RDS-DCP" Name="Y_Converter.dcp"/>
  <File Type="VDS-TIMINGSUMMARY" Name="Y_Converter_timing_summary_synth.rpt"/>
  <File Type="VDS-TIMING-PB" Name="Y_Converter_timing_summary_synth.pb"/>
  <FileSet Name="sources" Type="DesignSrcs" RelSrcDir="$PSRCDIR/sources_1">
    <Filter Type="Srcs"/>
    <File Path="$PSRCDIR/sources_1/imports/Desktop/yconv_pipelined_multiplier_2stage.v">
      <FileInfo>
        <Attr Name="ImportPath" Val="$PPRDIR/../../../FSRCNN/ip_repo/Y_Converter_19.1/Y_Converter_19.1.srcs/sources_1/imports/Desktop/yconv_pipelined_multiplier_2stage.v"/>
        <Attr Name="ImportTime" Val="1757109634"/>
        <Attr Name="UsedIn" Val="synthesis"/>
        <Attr Name="UsedIn" Val="implementation"/>
        <Attr Name="UsedIn" Val="simulation"/>
      </FileInfo>
    </File>
    <File Path="$PSRCDIR/sources_1/imports/Desktop/Y_Converter.v">
      <FileInfo>
        <Attr Name="ImportPath" Val="$PPRDIR/../../../FSRCNN/ip_repo/Y_Converter_19.1/Y_Converter_19.1.srcs/sources_1/imports/Desktop/Y_Converter.v"/>
        <Attr Name="ImportTime" Val="1757111056"/>
        <Attr Name="UsedIn" Val="synthesis"/>
        <Attr Name="UsedIn" Val="implementation"/>
        <Attr Name="UsedIn" Val="simulation"/>
      </FileInfo>
    </File>
    <Config>
      <Option Name="DesignMode" Val="RTL"/>
      <Option Name="TopModule" Val="Y_Converter"/>
      <Option Name="TopAutoSet" Val="TRUE"/>
    </Config>
  </FileSet>
  <FileSet Name="constrs_in" Type="Constrs" RelSrcDir="$PSRCDIR/constrs_1">
    <Filter Type="Constrs"/>
    <Config>
      <Option Name="ConstrsType" Val="XDC"/>
    </Config>
  </FileSet>
  <FileSet Name="utils" Type="Utils" RelSrcDir="$PSRCDIR/utils_1">
    <Filter Type="Utils"/>
    <Config>
      <Option Name="TopAutoSet" Val="TRUE"/>
    </Config>
  </FileSet>
  <Strategy Version="1" Minor="2">
    <StratHandle Name="Vivado Synthesis Defaults" Flow="Vivado Synthesis 2019">
      <Desc>Vivado Synthesis Defaults</Desc>
    </StratHandle>
    <Step Id="synth_design"/>
  </Strategy>
  <BlockFileSet Type="BlockSrcs" Name="yconv_fifo_generator_0"/>
</GenRun>
